Scenario,Analyzer,DetectionClass,CapsuleStartUTC,CapsuleEndUTC
S1,NOX-01,status-offline,2026-04-01T09:00:00+00:00,2026-04-01T10:00:00+00:00
S2,NOX-01,status-offline,2026-04-01T09:00:00+00:00,2026-04-01T10:00:00+00:00
S3,NOX-01,status-offline,2026-04-01T09:00:00+00:00,2026-04-01T09:30:00+00:00
S3,NOX-01,status-offline,2026-04-01T09:30:00+00:00,2026-04-01T10:00:00+00:00
S4,NOX-01,status-offline,2026-04-01T09:00:00+00:00,2026-04-01T10:00:00+00:00
S5,NOX-01,status-offline,2026-04-01T09:00:00+00:00,2026-04-01T10:00:00+00:00
S10a,NOX-01,status-offline,2026-04-01T08:00:00+00:00,2026-04-01T10:00:00+00:00
S10b,NOX-01,status-offline,2026-04-01T08:00:00+00:00,2026-04-01T09:00:00+00:00
S10b,NOX-01,status-offline,2026-04-01T09:15:00+00:00,2026-04-01T10:00:00+00:00
